<?xml version="1.0" encoding="UTF-8"?>

<PropertyList>


  <PhalanxCannon>
    <model>Aircraft/Type-45/PhalanxSandbox_Tom/Tracer.xml</model>
    <speed>3600</speed>
    <cd>0.295</cd>
    <weight>0.225</weight>
    <eda>0.00338</eda>
    <fuse-range>0</fuse-range>
    <life>30</life>
    <expiry>true</expiry>
    <repeat>true</repeat>
    <count>-1</count> 
    <wind>false</wind>
    <collision>true</collision>
    <collision-report>sim/ai/aircraft/collision/gun</collision-report>
    <impact>true</impact>
    <impact-report>sim/ai/aircraft/impact/bullet</impact-report>
    <pitch-offset>0</pitch-offset>
  </PhalanxCannon>
  
  
  <submodel>
    <name>Phalanx left - cannon</name>
    <model alias="../../PhalanxCannon/model"/>
    <trigger>aim/fire</trigger>
    <speed alias="../../PhalanxCannon/speed"/>
    <cd alias="../../PhalanxCannon/cd"/>
    <eda alias="../../PhalanxCannon/eda"/>
    <fuse-range alias="../../PhalanxCannon/fuse-range"/>
    <weight alias="../../PhalanxCannon/weight"/>
    <life alias="../../PhalanxCannon/life"/>
    <repeat alias="../../PhalanxCannon/repeat"/>
    <delay>0.0222</delay>
    <count alias="../../PhalanxCannon/count"/>
    <wind alias="../../PhalanxCannon/wind"/>
    <expiry alias="../../PhalanxCannon/expiry"/>
    <collision alias="../../PhalanxCannon/collision"/>
    <collision-report alias="../../PhalanxCannon/collision-report"/>
    <impact alias="../../PhalanxCannon/impact"/>
    <impact-report alias="../../PhalanxCannon/impact-report"/>
    <submodel-path alias="../../PhalanxCannon/submodel-path"/>
    <x-offset> 0 </x-offset> <!-- 0 m to ft -->
    <y-offset> 0 </y-offset> <!-- 0 m to ft -->
    <z-offset> 6.56 </z-offset> <!--  2 m to ft -->
    <yaw-offset>
      <property>aim/yaw</property>
      <offset>0</offset>
    </yaw-offset>
    <pitch-offset>
      <property>aim/pitch</property>
    </pitch-offset>
  </submodel>


</PropertyList>
